Workbook

Sheet Summery & Status
A1: Name | B1: Meal Count | C1: Meal Rate | D1: Total Meal Cost | E1: Wifi,Gas,Electricity | F1: Member Spending | G1: Your balance | H1: Status | I1: Total Member
A2: Shariful | B2: ='Meal Count'!AG2 -> 23 | C2: =sum('Meal Costing'!D34/'Meal Count'!AG12) -> 54.139918 | D2: =sum(B2*C2) -> 1245.2181 | E2: =sum('Wifi,Gas,Electricity'!D19/I2) -> 440.5 | F2: =sum('Meal Costing'!G8+'Wifi,Gas,Electricity'!G8+'Monthly Global Bazar'!G8) -> 1395 | G2: =sum(F2-D2-E2) -> -290.71811 | H2: =IF(G2<0, "You have to pay", IF(G2>0, "You will get paid", "Settlement")) -> You have to pay | I2: 6
A3: Ashfatul | B3: ='Meal Count'!AG3 -> 19 | C3: =sum('Meal Costing'!D34/'Meal Count'!AG12) -> 54.139918 | D3: =sum(B3*C3) -> 1028.6584 | E3: =sum('Wifi,Gas,Electricity'!D19/I2) -> 440.5 | F3: =sum('Meal Costing'!G7+'Wifi,Gas,Electricity'!G7+'Monthly Global Bazar'!G7) -> 1455 | G3: =sum(F3-D3-E3) -> -14.158436 | H3: =IF(G3<0, "You have to pay", IF(G3>0, "You will get paid", "Settlement")) -> You have to pay
A4: Mostakim | B4: ='Meal Count'!AG4 -> 20 | C4: =sum('Meal Costing'!D34/'Meal Count'!AG12) -> 54.139918 | D4: =sum(B4*C4) -> 1082.7984 | E4: =sum('Wifi,Gas,Electricity'!D19/I2) -> 440.5 | F4: =sum('Meal Costing'!G9+'Wifi,Gas,Electricity'!G9+'Monthly Global Bazar'!G9) -> 1935 | G4: =sum(F4-D4-E4) -> 411.70165 | H4: =IF(G4<0, "You have to pay", IF(G4>0, "You will get paid", "Settlement")) -> You will get paid
A5: Fahim | B5: ='Meal Count'!AG5 -> 23.5 | C5: =sum('Meal Costing'!D34/'Meal Count'!AG12) -> 54.139918 | D5: =sum(B5*C5) -> 1272.2881 | E5: =sum('Wifi,Gas,Electricity'!D19/I2) -> 440.5 | F5: =sum('Meal Costing'!G10+'Wifi,Gas,Electricity'!G10+'Monthly Global Bazar'!G10) -> 1910 | G5: =sum(F5-D5-E5) -> 197.21193 | H5: =IF(G5<0, "You have to pay", IF(G5>0, "You will get paid", "Settlement")) -> You will get paid
A6: Sadman | B6: ='Meal Count'!AG6 -> 27 | C6: =sum('Meal Costing'!D34/'Meal Count'!AG12) -> 54.139918 | D6: =sum(B6*C6) -> 1461.7778 | E6: =sum('Wifi,Gas,Electricity'!D19/I2) -> 440.5 | F6: =sum('Meal Costing'!G11+'Wifi,Gas,Electricity'!G11+'Monthly Global Bazar'!G11) -> 666 | G6: =sum(F6-D6-E6) -> -1236.2778 | H6: =IF(G6<0, "You have to pay", IF(G6>0, "You will get paid", "Settlement")) -> You have to pay
A7: Hamim | B7: ='Meal Count'!AG7 -> 9 | C7: =sum('Meal Costing'!D34/'Meal Count'!AG12) -> 54.139918 | D7: =sum(B7*C7) -> 487.25926 | E7: =sum('Wifi,Gas,Electricity'!D19/I2) -> 440.5 | F7: =sum('Meal Costing'!G12+'Wifi,Gas,Electricity'!G12+'Monthly Global Bazar'!G12) -> 1860 | G7: =sum(F7-D7-E7) -> 932.24074 | H7: =IF(G7<0, "You have to pay", IF(G7>0, "You will get paid", "Settlement")) -> You will get paid
A16: TOTAL | B16: =sum(B2:B8) -> 121.5 | C16: ---- | D16: =sum(D2:D8) -> 6578 | E16: =sum(E2:E7) -> 2643 | G16: =sum(G2:G8) -> 0

Sheet Meal Count
A1: Date | B1: 1 | C1: 2 | D1: 3 | E1: 4 | F1: 5 | G1: 6 | H1: 7 | I1: 8 | J1: 9 | K1: 10 | L1: 11 | M1: 12 | N1: 13 | O1: 14 | P1: 15 | Q1: 16 | R1: 17 | S1: 18 | T1: 19 | U1: 20 | V1: 21 | W1: 22 | X1: 23 | Y1: 24 | Z1: 25 | AA1: 26 | AB1: 27 | AC1: 28 | AD1: 29 | AE1: 30 | AF1: 31 | AG1: =SUM(AG2:AG11) -> 121.5
A2: Shariful | B2: 0 | C2: 1 | D2: 1 | E2: 1 | F2: 1 | G2: 1 | H2: 0 | I2: 2 | J2: 2 | K2: 1 | L2: 1 | M2: 1 | N2: 1 | O2: 1 | P2: 2 | Q2: 2 | R2: 1 | S2: 0 | T2: 1 | U2: 1 | V2: 1 | W2: 1 | X2: 0 | Y2: 0 | Z2: 0 | AA2: 0 | AB2: 0 | AC2: 0 | AD2: 0 | AE2: 0 | AF2: 0 | AG2: =sum(B2:AF2) -> 23
A3: Ashfatul | B3: 0 | C3: 0 | D3: 0 | E3: 0 | F3: 0 | G3: 1 | H3: 2 | I3: 2 | J3: 2 | K3: 1 | L3: 2 | M3: 2 | N3: 2 | O3: 2 | P3: 2 | Q3: 1 | R3: 0 | S3: 0 | T3: 0 | U3: 0 | V3: 0 | W3: 0 | X3: 0 | Y3: 0 | Z3: 0 | AA3: 0 | AB3: 0 | AC3: 0 | AD3: 0 | AE3: 0 | AF3: 0 | AG3: =sum(B3:AF3) -> 19
A4: Mostakim | B4: 1 | C4: 2 | D4: 1 | E4: 1 | F4: 1 | G4: 1 | H4: 0 | I4: 0 | J4: 0 | K4: 1 | L4: 1 | M4: 0 | N4: 1 | O4: 1 | P4: 2 | Q4: 2 | R4: 1 | S4: 0 | T4: 1 | U4: 1 | V4: 1 | W4: 1 | X4: 0 | Y4: 0 | Z4: 0 | AA4: 0 | AB4: 0 | AC4: 0 | AD4: 0 | AE4: 0 | AF4: 0 | AG4: =sum(B4:AF4) -> 20
A5: Fahim | B5: 0 | C5: 0 | D5: 0 | E5: 1.5 | F5: 1 | G5: 1.5 | H5: 1.5 | I5: 2.5 | J5: 2.5 | K5: 1.5 | L5: 1.5 | M5: 1.5 | N5: 1.5 | O5: 0 | P5: 0 | Q5: 0 | R5: 1 | S5: 0 | T5: 1.5 | U5: 1 | V5: 1.5 | W5: 1 | X5: 1 | Y5: 0 | Z5: 0 | AA5: 0 | AB5: 0 | AC5: 0 | AD5: 0 | AE5: 0 | AF5: 0 | AG5: =sum(B5:AF5) -> 23.5
A6: Sadman | B6: 1 | C6: 2 | D6: 1.5 | E6: 1.5 | F6: 1 | G6: 1 | H6: 1.5 | I6: 2 | J6: 2 | K6: 1.5 | L6: 1.5 | M6: 1 | N6: 0 | O6: 0 | P6: 1 | Q6: 2 | R6: 1 | S6: 0 | T6: 1 | U6: 1 | V6: 1.5 | W6: 1 | X6: 1 | Y6: 0 | Z6: 0 | AA6: 0 | AB6: 0 | AC6: 0 | AD6: 0 | AE6: 0 | AF6: 0 | AG6: =sum(B6:AF6) -> 27
A7: Hamim | B7: 1 | C7: 2 | D7: 1.5 | E7: 1.5 | F7: 0.5 | G7: 0 | H7: 0 | I7: 0 | J7: 0 | K7: 0 | L7: 0 | M7: 1 | N7: 1.5 | O7: 0 | P7: 0 | Q7: 0 | R7: 0 | S7: 0 | T7: 0 | U7: 0 | V7: 0 | W7: 0 | X7: 0 | Y7: 0 | Z7: 0 | AA7: 0 | AB7: 0 | AC7: 0 | AD7: 0 | AE7: 0 | AF7: 0 | AG7: =sum(B7:AF7) -> 9
A12: Daily Meal Count | B12: =SUM(B2:B11) -> 3 | C12: =SUM(C2:C11) -> 7 | D12: =SUM(D2:D11) -> 5 | E12: =SUM(E2:E11) -> 6.5 | F12: =SUM(F2:F11) -> 4.5 | G12: =SUM(G2:G11) -> 5.5 | H12: =SUM(H2:H11) -> 5 | I12: =SUM(I2:I11) -> 8.5 | ... AF12: =SUM(AF2:AF11) -> 0 | AG12: =AG1 -> 121.5

Sheet Deposit
A1: ;[[[[[[[[[[[[' | B1: Shoriful | C1: Ashfatul | D1: Shahjalal | E1: Mohshin | F1: Abrar | G1: Rafsaan | H1: Shawon
A2: 1 | C2: 1000 | D2: 500
A3: 2 | H3: 500
A4: 3
A5: 4 | M5: Summery
A6: 5 | F6: 1000 | M6: Total Deposit | N6: =L33 -> 11190
A7: 6 | M7: Total Meal Cost | N7: ='Meal Costing'!D34 -> 6578
A8: 7 | C8: -100 | M8: Total Other Cost | N8: ='Others Costing'!D33 -> 0
A9: 8 | B9: 1000
A10: 9 | D10: 500 | G10: 500
A11: 10 | M11: Balance | N11: =N6-N7-N8 -> 4612
A12: 11 | C12: 500
A13: 12 | D13: 700
A14: 13 | H14: 150
A15: 14
A16: 15 | E16: 1330
A17: 16 | G17: 500
A18: 17 | D18: 300
A19: 18 | G19: -50
A20: 19
A21: 20 | B21: 700 | D21: 500 | F21: 1000
A22: 21
A23: 22
A24: 23
A25: 24
A26: 25
A27: 26
A28: 27 | E28: 705
A29: 28
A30: 29
A31: 30 | C31: 100 | D31: -145
A32: 31 | L32: Total Deposit
A33: TOTAL | B33: =sum(B2:B32) -> 1700 | C33: =sum(C2:C32) -> 1500 | D33: =sum(D2:D32) -> 2355 | E33: =sum(E2:E32) -> 2035 | F33: =sum(F2:F32) -> 2000 | G33: =sum(G2:G32) -> 950 | H33: =sum(H2:H32) -> 650 | I33: =sum(I2:I32) -> 0 | ... K33: =sum(K2:K32) -> 0 | L33: =sum(B33+C33+D33+E33+F33+G33+H33+I33+J33+K33) -> 11190

Sheet Others Costing
A1: Date | B1: Bazar By | C1: Cost type | D1: Cost | E1: Total Member
A2: 1 | E2: 6
A3: 2
A4: 3
A5: 4
A6: 5
A7: 6
A8: 7
A9: 8
A10: 9
A11: 10
A12: 11
A13: 12
A14: 13
... A32: 31
A33: TOTAL | D33: =sum(D2:D32) -> 0

Sheet Meal Costing
A1: Date | B1: Name | C1: List | D1: Cost
A2: 1 | B2: Hamim | C2: fish, morggi, alo, tamato | D2: 990
A3: 2
A4: 3
A5: 4 | B5: Sadman | C5: dal | D5: 160
A6: 5 | B6: Hamim | C6: chicken,fish,oil | D6: 870 | F6: Cost Of Each Person
A7: 6 | B7: Shariful | C7: Dal + Dim | D7: 170 | F7: Ashfatul | G7: =SUMIF(B2:B32, "Ashfatul", D2:D32) -> 525
A8: 7 | B8: Fahim | C8: vegetables | D8: 100 | F8: Shariful | G8: =SUMIF(B2:B32, "Shariful", D2:D32) -> 272
A9: 8 | B9: Sadman | C9: vegetables | D9: 126 | F9: Mostakim | G9: =SUMIF(B2:B32, "Mostakim", D2:D32) -> 885
A10: 9 | B10: Sadman | C10: vegetables | D10: 40 | F10: Fahim | G10: =SUMIF(B2:B32, "Fahim", D2:D32) -> 200
A11: 10 | B11: Fahim | C11: vegetables | D11: 100 | F11: Sadman | G11: =SUMIF(B2:B32, "Sadman", D2:D32) -> 366
A12: 11 | B12: Sadman | C12: tarmaric | D12: 40 | F12: Hamim | G12: =SUMIF(B2:B32, "Hamim", D2:D32) -> 1860
A13: 12
A14: 13 | B14: Ashfatul | C14: kacha morich, murgi, sobji, dim | D14: 525
A15: 14
A16: 15
A17: 16 | B17: Mostakim | C17: Fish and Chiken | D17: 780
A18: 17 | B18: Mostakim | C18: vegetables | D18: 105
A19: 18
A20: 19
A21: 20
A22: 21
A23: 22 | B23: Shariful | C23: Tel | D23: 102
A24: 23
A25: 24
A26: 25
A27: 26
A28: 27
A29: 28
A30: 29
A31: 30
A32: 31
A33: Monthly Bazar | D33: ='Monthly Global Bazar'!D19 -> 2470 | F33: =sum(D2:D24) -> 4108
A34: TOTAL | D34: =SUM(D2:D33) -> 6578 | F34: =D33 -> 2470
F35: =sum(F33:F34) -> 6578

Sheet Wifi,Gas,Electricity
A1: Date | B1: Name | C1: Cost For | D1: Cost
A2: 46178 | B2: Shariful | C2: Electricity Bill | D2: 400
A3: 46208 | B3: Ashfatul | C3: Wifi Bill | D3: 680
A4: 13/05/2026 | B4: Ashfatul | C4: Electricity Bill | D4: 250
A5: 19/05/2026 | B5: Shariful | C5: Electricity Bill | D5: 303
A6: 19/05/2026 | B6: Fahim | C6: gas bill | D6: 710 | F6: Cost Of Each Person
A7: 31/05/26 | B7: Sadman | C7: current bill | D7: 300 | F7: Ashfatul | G7: =SUMIF(B2:B18, "Ashfatul", D2:D18) -> 930
F8: Shariful | G8: =SUMIF(B2:B18, "Shariful", D2:D18) -> 703
F9: Mostakim | G9: =SUMIF(B2:B18, "Mostakim", D2:D18) -> 0
F10: Fahim | G10: =SUMIF(B2:B18, "Fahim", D2:D18) -> 710
F11: Sadman | G11: =SUMIF(B2:B18, "Sadman", D2:D18) -> 300
F12: Hamim | G12: =SUMIF(B2:B18, "Hamim", D2:D18) -> 0
D19: =SUM(D2:D18) -> 2643

Sheet Monthly Global Bazar
A1: Date | B1: Name | C1: Cost For | D1: Cost
A2: 46147 | B2: Mostakim | C2: Monthly Bazar | D2: 1050
A3: 46148 | B3: Fahim | C3: Monthly Bazar | D3: 1000
A4: 46149 | B4: Shariful | C4: বটি,ঝাড়ু কিনার জন্য (খালাকে দেওয়া হয়েছে ) | D4: 420
A5: 46150
A6: 46151 | F6: Cost Of Each Person
A7: 46152 | F7: Ashfatul | G7: =SUMIF(B2:B18, "Ashfatul", D2:D18) -> 0
A8: 46153 | F8: Shariful | G8: =SUMIF(B2:B18, "Shariful", D2:D18) -> 420
A9: 46154 | F9: Mostakim | G9: =SUMIF(B2:B18, "Mostakim", D2:D18) -> 1050
A10: 46155 | F10: Fahim | G10: =SUMIF(B2:B18, "Fahim", D2:D18) -> 1000
A11: 46156 | F11: Sadman | G11: =SUMIF(B2:B18, "Sadman", D2:D18) -> 0
A12: 46157 | F12: Hamim | G12: =SUMIF(B2:B18, "Hamim", D2:D18) -> 0
A13: 46158
A14: 46159
A15: 46160
A16: 46161
A17: 46162
A18: 46163
D19: =SUM(D2:D18) -> 2470

Sheet Notes
A1: khala bill is not included
A2: other costing is devided equaly among members
A3: monthly global bazar is for adding bazar for multiple member at the same date
A4: meal costing for daily regular bazar
A5: summery shows all at a glance
A6: everything updated autometically
A7: do not change anything that you are not suppose to change
A8: at month end if you have to pay then pay to the person(s) who will get that amount

Sheet Summery
B3: Summery May 2024
B4: Total Deposit | C4: =Deposit!L33 -> 11190
B5: Total Meal Cost | C5: ='Meal Costing'!D34 -> 6578
B6: Total Other Cost | C6: ='Others Costing'!D33 -> 0
B9: Current Balence | C9: =sum(C4-C5-C6) -> 4612
